,Candidate_name,Hashtag,Tweets,Polarity
45715,Joe Biden,#VoteBidenHarrisToSaveAmerica,God bless Joe Biden and Kamala Harris I will be praying for their victory and our countries saving grace Please VOTE to save the U S A Thank you VoteBidenHarrisToSaveAmerica,Positive
18038,Joe Biden,#BlueWave2020,awww i love her BlueWave2020 Vote2020 VoteBidenHarrisToSaveAmerica,Positive
42105,Joe Biden,#VoteBidenHarris2020,bless America America ElectionDay2020 VoteBidenHarris2020 today TruthMatters,Positive
35999,Joe Biden,#VoteBiden,ha Tweet is misleading Vote2020 VOTE VoteBiden,Neutral
48795,Joe Biden,#VoteBidenHarrisToSaveAmerica,God help the U S A If Trump wins I am worried sick VoteBidenHarrisToSaveAmerica,Positive
33005,Joe Biden,#LyingTrump,I felt like I was living in a red state but 61 on us said NJ stays BLUE Good Bye to LyingTrump,Positive
64049,Joe Biden,#WisconsinForBiden,Gwan Wisconsin let it in ta fuck WisconsinForBiden Decision2020 BidenHarris2020 Ireland,Positive
64199,Joe Biden,#WisconsinForBiden,GOOD MORNINGGGG MAKE SURE YOU GoVote 2020Election Election2020 ELECTIONDAY BattlegroundState WisconsinForBiden PresidentialElection FlipTheSenateBlue,Neutral
10499,Joe Biden,#BidenHarris2020,Megan is absolutely right we should all keep busy tomorrow and help out our favorite candidate text for BidenHarris2020 make calls or all of these things VOTE FlipTheSenate and support great local candidates,Neutral
36018,Joe Biden,#VoteBiden,VoteBiden save America,Positive
60980,Joe Biden,#VoteHimOut,The American election is to democracy as Cricket is to sports It s very similar to all others but no one seems to know all the rules because the rules are fucking crazy and it takes days to declare a winner democracy VoteHimOut PresidentialElection BidenHarris2020,Neutral
49487,Joe Biden,#VoteBlue2020,This one is good VoteBlue2020 Election2020,Neutral
9082,Joe Biden,#BidenHarris2020,I m a Texan and my family and I early voted for BIDEN BidenHarris2020,Positive
50276,Joe Biden,#VoteBlueDownTheBallot,My 86 old momma ElectionDay Vote2020 VoteBidenHarris VotingLines VoteBlueDownTheBallot,Positive
5748,Joe Biden,#Biden2020,Young college educated voters up 5 compared with 2016 and non college educated down versus 2016 BreakingNews USElections2020 Trump2020 Biden2020 USElections2020 CorruptJoeBiden TrumpMeltdown,Neutral
25868,Joe Biden,#DumpTrump2020,Screw that guy I was educated by the same Catholic franchise as Sacred Heart but in Maryland Calling Pavoratti a diva was so wrong DumpTrump2020,Positive
50376,Joe Biden,#VoteBlueDownTheBallot,Idahoans look careful and think careful where is America after 4 years of Trump America is in an emergency state The country needs her children to save her from Trump s pain Idahoans VoteBidenHarrisToSaveAmerica VoteBlueDownTheBallot,Positive
439,Joe Biden, #BidenHarrisLandslide2020,The AP just called the election for Biden Woot BidenHarrisLandslide2020 BidenHarrisToEndThisNightmare LetsGetThisPartyStarted DemsAllDay,Positive
25254,Joe Biden,#DumpTrump2020,Xenophobe says what DumpTrump2020 BidenHarris2020,Positive
49281,Joe Biden,#VoteBidenHarrisToSaveAmerica,How stupid Nobody prepaid millions in taxes Moron Orange guy is going to jail VoteHimOut TrumpCrimeFamilyForPrison VoteBlueToEndTheNightmare VoteBidenHarrisToSaveAmerica VoteBlueDownTheBallot,Positive
47581,Joe Biden,#VoteBidenHarrisToSaveAmerica,Democracy needs to keep winning VoteBidenHarrisToSaveAmerica,Positive
16237,Joe Biden,#BidenHarrisToEndThisNightmare,1013 orze Anytime fellow Resister Thank you so much for following and retweeting BidenHarrisToEndThisNightmare,Neutral
58154,Joe Biden,#VoteHimOut,I also want a slice of that VoteHimOut pie DONT FORGET TO REGISTER PLS,Neutral
23403,Joe Biden,#DumpTrump2020,Seems everyone is in agreement DumpTrump2020 DumpTrump Trump,Positive
44320,Joe Biden,#VoteBidenHarris2020,2020 Election Forecast FiveThirtyEight VoteBidenHarris2020 VoteBlue,Neutral
2555,Joe Biden,#ArizonaforBiden,Call ArizonaforBiden,Neutral
24718,Joe Biden,#DumpTrump2020,DumpTrump2020 BidenHarris2020 Full Video gt spokenword KanyeWest COVID19,Neutral
44209,Joe Biden,#VoteBidenHarris2020,Make it happen VoteBidenHarris2020,Positive
35504,Joe Biden,#VoteBiden,I want to convey to you that such a sweet life will not last long and if you make the wrong choice then the structure of our state will not turn in our favor Vote2020 VoteTrump VoteBiden USAElections2020 russiandruids,Neutral
25719,Joe Biden,#DumpTrump2020,Should have put that much energy into saving Americans from the Coronavirus COVIDIOTS DumpTrump2020 Election2020,Positive
56938,Joe Biden,#VoteBlueToSaveAmerica2020,There is no one coming to save our democracy We are at the point we have been waiting for We cannot fail VoteBlueToEndTheNightmare VoteBlueToSaveAmerica2020 VoteBlueDownTheBallot,Positive
37703,Joe Biden,#VoteBiden,Yes him moving out of the WH will breat GREAT VoteBiden,Neutral
42574,Joe Biden,#VoteBidenHarris2020,Unbelievable that this is even necessary VoteBidenHarris2020 because the other candidate is UnfitToBePresident,Positive
17726,Joe Biden,#BlueWave2020,Went outside this morning looked into the sky and found this to be pretty symbolic BlueWave2020,Positive
16762,Joe Biden,#BidenHarrisToEndThisNightmare,FOLLOWING THE LAW IS DANGEROUS REALITY CHECK FOR AMERICA DON T BUY INTO THE RHETORIC AND DOG WHISTLE BULLSHIT FROM TRUMP BidenHarrisToEndThisNightmare,Positive
30573,Joe Biden,#JoeBiden2020,Going to bed May tomorrow morning brings JOEBIDEN2020,Positive
7408,Joe Biden,#Biden2020,Milano We Got You Lady Liberty VoteBlue2020 Biden2020,Positive
60025,Joe Biden,#VoteHimOut,Well you know what i ve been praying the same thing for 4 long years and my prayers are about to be answered VoteHimOut SaveTheWorld,Positive
47139,Joe Biden,#VoteBidenHarrisToSaveAmerica,1 day till ElectionDay Get out there and do your part and VOTE VoteBidenHarrisToSaveAmerica VoteBiden VotingMatters BlueWave2020 2020Election AmericaOrTrump YourVoiceIsYourVote BidenHarris2020,Positive
49929,Joe Biden,#VoteBlueDownTheBallot,Check this list of NINETEEN states amp DofC that have SAME DAY VOTER REGISTRATION Get in line get registered VoteBlueDownTheBallot CA CO CT DC HI ID IL IA ME MD MI MN MO NV NH UT VT WI WY WA,Neutral
15547,Joe Biden,#BidenHarrisToEndThisNightmare,It s no game our lives depend on VoteHimOut2020 VoteBidenHarris2020 BidenHarrisToEndThisNightmare,Positive
53165,Joe Biden,#VoteBlueDownTheBallot,Wishing you good luck today from NY VoteBlueDownTheBallot,Neutral
1869,Joe Biden, #BidenHarrisLandslide2020,What s the irony that trump spent years telling people you re fired and now it s his turn to be fired BidenHarrisLandslide2020,Positive
27669,Joe Biden,#JoeBiden2020,This is the equivalent of the 1999 and 2005 Champions League final games JOEBIDEN2020,Neutral
11894,Joe Biden,#BidenHarris2020,Really looking forward to a BidenHarris2020 win We really can change our country for the better Not everyone is on board but we can still do this,Positive
1968,Joe Biden, #BidenHarrisLandslide2020,OMG I WAKE UP AND BIDEN S FLIPPED PENNSYLVANIA AND GEORGIA BlueWave2020 Elections2020 BidenHarrisLandslide2020,Neutral
14070,Joe Biden,#BidenHarrisToEndThisNightmare,PLEASE VOTE BLUE PLEASE OUR LIVELIHOODS ARE ON THE LINE BidenHarris2020ToSaveAmerica TrumpIsALoser BidenHarris2020 BidenHarrisToEndThisNightmare PLEASE,Positive
49068,Joe Biden,#VoteBidenHarrisToSaveAmerica,From someone who is definitely not OK I totally appreciate this post VoteBlueToEndTheNightmare VoteHimOut VoteBidenHarrisToSaveAmerica VOTE,Neutral
49885,Joe Biden,#VoteBlueDownTheBallot,says we re gonna be fine amp to put away the razor blades amp the Ambien VoteBlueDownTheBallot,Positive
5672,Joe Biden,#Biden2020,Biden2020 Will win like if u think he will win,Positive
23393,Joe Biden,#DumpTrump2020,It s not about him DumpTrump2020,Neutral
58331,Joe Biden,#VoteHimOut,And just like that America is Great Again VoteHimOut BidenHarris2020 BidenHarrisToEndThisNightmare jemelehill KamalaHarris JoeBiden,Neutral
13446,Joe Biden,#BidenHarrisToEndThisNightmare,Vote2020 like your life depends on it because it does ElectionDay2020 BidenHarris2020 BlueWave VoteBlueDownTheBallot DumpTrump accountability ScienceMatters BidenHarrisToEndThisNightmare,Positive
24809,Joe Biden,#DumpTrump2020,Tomorrow is the big voting day Please vote Trump out DumpTrump2020 2020Elections,Neutral
28591,Joe Biden,#JoeBiden2020,TY Beloved Good Trouble from above CLAYTON COUNTY GEORGIA New votes in from 1602 223 1380 for JOEBIDEN2020,Positive
18613,Joe Biden,#BlueWave2020,Still relevant 4 long years later BidenHarris2020 BidenHarrisToSaveAmerica DividerInChief TrumpIsARacist BlueWave2020,Positive
45405,Joe Biden,#VoteBidenHarrisToSaveAmerica,Accurately represents situation we are in VoteBidenHarrisToSaveAmerica VoteBidenHarrisToPROTECTOurGunRights TrumpWillTakeOurGuns Just Like TrumpHasTrampledFreeSpeech TrumpExecOrderLtdFedWorkersFreeSpeech ALREADY FreeSpeech,Positive
144,Joe Biden, #BidenHarrisLandslide2020,Truth wins over lies amp evil ChooseTruthOverTrump bidenharis2020 BidenHarris2020 RidenWithBiden BidenPresident ByeByeTrump FuckTrump BidenHarrisLandslide2020 YoureFiredTrump TrumpMeltdown TrumpLost,Positive
42270,Joe Biden,#VoteBidenHarris2020,How many EC votes does East Nigeria get again DumpTrump VoteBidenHarris2020 VoteBlueToSaveAmerica,Neutral
12242,Joe Biden,#BidenHarris2020,It s gonna get CRAZY As in if you got a hunker to bunker in BidenHarris2020 Trump,Positive
53344,Joe Biden,#VoteBlueDownTheBallot,Wise words indeed VoteBlueDownTheBallot,Neutral
57576,Joe Biden,#VoteBlueToSaveAmerica2020,Let s finally end this freakin nightmare BidenHarris2020 VoteBlueToSaveAmerica2020,Positive
3167,Joe Biden,#ArizonaforBiden,Please oh please oh please RepublicansForBiden BuildBackBetter RepublicansforBiden ArizonaForBiden Biden mccainsrevenge KamalaHarrisVP PresidentElectBiden AOC WomenForBiden BLM TrumpIsLosing Arizona NVElection PresidentElectBiden ObamaWasBetterAtEverything,Positive
13548,Joe Biden,#BidenHarrisToEndThisNightmare,Are a real pro life VoteHimOut BidenHarrisToEndThisNightmare,Neutral
55092,Joe Biden,#VoteBlueToSaveAmerica2020,THIS is what we needed in the White House not the clown we have now But there is hope and optimism vote VoteTrumpOut2020 VoteBlueToEndTheNightmare VoteBlueToSaveAmerica2020 VoteBlueToHealOurCountry,Positive
63659,Joe Biden,#WisconsinForBiden,Elections2020 Wisconsin called for Pathto270 BlueVote NowWeCount NowWeWait Decision2020 Biden2020 WisconsinForBiden Michigan Pennsylvania Nevada,Neutral
13130,Joe Biden,#BidenHarrisToEndThisNightmare,If you are able to vote vote for those who cannot vote Your vote matters I promise BidenHarris2020 BidenHarrisToEndThisNightmare,Positive
55284,Joe Biden,#VoteBlueToSaveAmerica2020,12 52AM November 3 2016 Raleigh North Carolina It was a really good night VoteBlueToSaveAmerica2020,Negative
41968,Joe Biden,#VoteBidenHarris2020,we all want change n the world right well let s start that by changing who s the current president BECAUSE HAS HAS DONE SHIT he been in office for 4 years and we re in a much shittier position then in 2016 VoteHimOut VoteBidenHarris2020 VoteBlueToEndTheNightmare Vote2020,Positive
9806,Joe Biden,#BidenHarris2020,Yes because you will have no power Sit down and let the adults fix the show you will be leaving BidenHarris2020 BidenHarrisLandslide2020 BlueWave2020 BidenHarrisToSaveAmerica BlackLivesMatter BuildBackBetter BlueWave,Positive
46977,Joe Biden,#VoteBidenHarrisToSaveAmerica,I heard ugly bitches vote for trump If I were you I wouldn t wanna be an ugly b VoteBidenHarrisToSaveAmerica,Positive
27749,Joe Biden,#JoeBiden2020,There have been a lot of where were you moments this week Elections2020 BidenHarris2020ToSaveAmerica JOEBIDEN2020,Neutral
28664,Joe Biden,#JoeBiden2020,8 million more votes Thats the fkin joke JOEBIDEN2020 JoeBiden could not gather more than 100 people anywhere He spoke but HE smashed Obama s VOTE record Vote2020 Election2020 ElectionDay ElectionResults2020 elections USA USElection2020 USElectionResults,Neutral
2407,Joe Biden, #BidenHarrisLandslide2020,Trump deserves everything that s happening to him USElections USElection2020 USElectionResults JOEBIDEN2020 BidenHarrisLandslide2020,Positive
9417,Joe Biden,#BidenHarris2020,You win George Voted Red Tennessee 63 It was easy to vote for BidenHarris2020,Positive
15237,Joe Biden,#BidenHarrisToEndThisNightmare,Screw you I voted BidenHarrisToEndThisNightmare,Positive
30144,Joe Biden,#JoeBiden2020,Ha So there you are accusers Said with my hands on my hips for added emphasis ElectionResults2020 CountEveryVote JOEBIDEN2020,Neutral
21221,Joe Biden,#BlueWave2020,Silence on this matter is reprehensible and unacceptable Here s hoping that the vast majority of the American electorate will also feel that way and dumptrump and his vile complicit hypocritical GOPenablers in a massive BlueWave2020,Positive
44265,Joe Biden,#VoteBidenHarris2020,Please make America great again VoteBidenHarris2020,Positive
45190,Joe Biden,#VoteBidenHarrisToSaveAmerica,The worst years are always on the watch of the GOP W left Obama with a mess to clean up and DJT is leaving Biden with another mess This is on him his incompetence has cost millions their jobs and thousands their lives VoteBidenHarrisToSaveAmerica,Neutral
51800,Joe Biden,#VoteBlueDownTheBallot,Need to expand SCOTUS and right the current imbalance on the court and also add DC and PR as states People pay federal taxes and deserve representation in Congress These important things can only be achieved with democratic control Let s get it done VoteBlueDownTheBallot,Positive
8899,Joe Biden,#BidenHarris2020,The shot with Biden walking on the airplane runway gave me chills VoteBlueToEndTheNightmare BidenHarris2020,Positive
17682,Joe Biden,#BlueWave2020,Yesss BlueWave2020 Rubio agrees,Positive
6530,Joe Biden,#Biden2020,No matter how you vote we are still Brothers and Sisters in Christ Biden2020,Neutral
26842,Joe Biden,#JoeBiden2020,Kamra Farewell song for our beloved Doland Trump POTUS ByeByeTrump USPresidentialElections2020 USElectionResults JOEBIDEN2020 USElections USElectionResults2020 USElection TrumpMeltdown BidenPresident BidenVsTrump,Positive
10229,Joe Biden,#BidenHarris2020,ElectionDay Elecciones2020 vote ON OUR WAY TO THE POLLS BidenHarris2020,Neutral
4337,Joe Biden,#Biden2020,It just hit me being a women and voting at the same time Biden2020,Positive
22328,Joe Biden,#DumpTrump2020,TODAY IS ELECTIONDAY ELECTION DAY 2020 GO AND VOTE GOANDVOTE THE PRESIDENT IS VOTED ON BY THE PEOPLE SO MAKE YOUR VOTE COUNT DUMPTRUMP2020 lt 3,Neutral
37013,Joe Biden,#VoteBiden,Ewww I m wearing red on Election Day VoteBiden JoeBidenKamalaHarris2020 vote VoteBlue,Neutral
1973,Joe Biden, #BidenHarrisLandslide2020,is a loosing his shit right now and having tantrum like a 5 year old Then that is his mental age BidenHarrisLandslide2020 Elections2020,Positive
33443,Joe Biden,#OhioForBiden,Did it OhioForBiden,Positive
3536,Joe Biden,#ArizonaforBiden,Thank you Arizona ArizonaforBiden ArizonaBlue,Positive
53565,Joe Biden,#VoteBlueDownTheBallot,We have Resisted Persisted and tomorrow WeRiseUpTogether VoteBlueDownTheBallot BidenHarris2020,Neutral
13130,Joe Biden,#BidenHarrisToEndThisNightmare,If you are able to vote vote for those who cannot vote Your vote matters I promise BidenHarris2020 BidenHarrisToEndThisNightmare,Positive
48160,Joe Biden,#VoteBidenHarrisToSaveAmerica,I ve been feeling incredibly anxious all day recently and while this doesn t change that anxiety quite to hope it def gets me amped AF get m Em VoteBidenHarrisToSaveAmerica Eminem,Neutral
48596,Joe Biden,#VoteBidenHarrisToSaveAmerica,Listening to these idiots chanting I love you at the orange moron makes me want to hurl BidenHarris2020 ByeDon VoteBidenHarrisToSaveAmerica,Positive
56058,Joe Biden,#VoteBlueToSaveAmerica2020,Beautiful Come on America we can do this VoteBlueToSaveAmerica2020,Positive
35109,Joe Biden,#VoteBiden,kyh Proba Election2020 Elections2020 election Vote2020 VOTE VoteHimOut VoteBiden VoteBlueToEndTheNightmare VoteBlueToSaveAmerica VoteBlue VoteBlue2020 VoteBlueToSaveAmerica2020 trendingTopic,Neutral
49495,Joe Biden,#VoteBlue2020,Let s make this T shirt for TrendingNow trendingtopic AZPANVGA AZNVPAGA NVAZPAGA GAPANVAZ CountEveryVote CountEveryBallot VoteBlue2020,Neutral
33906,Joe Biden,#OhioForBiden,Welcome back to Cleveland Feel free to visit me and my staff today in Middleburg Heights BidenHarris2020 OhioForBiden VOTE VoteBlue,Neutral
13235,Joe Biden,#BidenHarrisToEndThisNightmare,Hoping US voters decide to make America great again tonight by electing Joe Biden BidenHarrisToEndThisNightmare,Positive
42602,Joe Biden,#VoteBidenHarris2020,As a Davenport IA native I agree SPN SPNFamily vote VoteBidenHarris2020,Positive
12023,Joe Biden,#BidenHarris2020,Still waiting on your taxes and your healthcare How do you vote for a guy like that BidenHarris2020 VOTE VoteBlueToEndTheNightmare,Positive
11051,Joe Biden,#BidenHarris2020,Dear America you are loved Come back to us and vote for BidenHarris2020 Stay safe x,Positive
4918,Joe Biden,#Biden2020,Trump better pack it up pack it in and let Biden begin Biden2020,Positive
50977,Joe Biden,#VoteBlueDownTheBallot,Cautiously optimistic I m impressed by all of us who were inspired to help out poll workers letter writers phonebank callers Rallying all that energy BidenHarris2020 VoteBlueDownTheBallot VoteBlueToSaveAmerica2020 VoteBlueToEndTheNightmare,Neutral
25971,Joe Biden,#DumpTrump2020,Christians for the antichrist is the Trump way DumpTrump2020,Positive
51901,Joe Biden,#VoteBlueDownTheBallot,THE WORLD the WORLD IS PRAYING FOR US VoteBlueToSaveAmerica VoteBlueDownTheBallot,Positive
33822,Joe Biden,#OhioForBiden,it s a beautiful day to be a libtard ohiovoted ohioforbiden,Positive
27805,Joe Biden,#JoeBiden2020,You gotta win Joe I ve got your back JOEBIDEN2020,Positive
27491,Joe Biden,#JoeBiden2020,Wikipedia called Biden Preisdent elect half an hour ago but since then reversed it again Elections2020 JOEBIDEN2020,Neutral
55856,Joe Biden,#VoteBlueToSaveAmerica2020,WonderfulMichigan Everyone in Every State should vote for Biden Harris A vote for trump is a vote for Tyranny amp a Dictatorship Run Country VoteBlueToSaveAmerica2020 Your Freedom Rights Constitution Country amp Laws depend on it GOP have shown they care nothing about USA,Positive
1137,Joe Biden, #BidenHarrisLandslide2020,Congratulations to America you finally have a new President so well deserved a good man a true President BidenHarrisToSaveAmerica BidenHarrisLandslide2020,Positive
6848,Joe Biden,#Biden2020,Get ready Biden2020,Positive
22361,Joe Biden,#DumpTrump2020,OH AS YOU SAY THE SHIT HOLE COUNTRIES NOW U LUVN THEM HOW MUCH U PAID FOR THIS VoteHimOut VoteBidenHarrisToSaveAmerica VOTE Vote2020 BidenHarris2020 TRUMP DumpTrump2020 Africa USPresidentialElections2020,Neutral
33272,Joe Biden,#LyingTrump,More like LyingTrump As long as you re in line you can vote,Positive
12108,Joe Biden,#BidenHarris2020,I prefer Protectors for myself Bring it BidenHarris2020,Positive
29559,Joe Biden,#JoeBiden2020,is literally the best thing to happen to 2020 she needs a place in your cabinet We need more of her in politics StaceyAbrams JOEBIDEN2020 PresidentElectJoeBiden,Positive
16441,Joe Biden,#BidenHarrisToEndThisNightmare,More scare tactics Skippy Is that all you ve got Commies and socialists are gonna getcha if you don t vote for me Too bad you don t have an actual record you could run on BidenHarrisToEndThisNightmare,Neutral
63929,Joe Biden,#WisconsinForBiden,THIS yep Dear Wisconsin I love the Cubs more than anything but I promise I will go Brewers Come on Wisconsin WisconsinForBiden,Positive
37380,Joe Biden,#VoteBiden,Your vote matters we need to VoteHimOut VoteBiden VoteBlueToEndTheNightmare,Positive
49993,Joe Biden,#VoteBlueDownTheBallot,rami Eating our VoteBlueDownTheBallot oatmeal yesterday,Neutral
21361,Joe Biden,#BlueWave2020,No outside lines waited approximately 5 6 minutes I voted for BlueWave2020,Positive
36259,Joe Biden,#VoteBiden,texas can yeehaw the the fuck away VoteBiden Vote2020,Positive
27019,Joe Biden,#JoeBiden2020,Azerbaijan Army has finally liberated the Lachin Corridor USA Russia France NagornoKarabagh USElectionResults USAelection2020 JOEBIDEN2020 JoeBidenKamalaHarris2020 BidenHarris2020 USAElections USA Putin Greece Armenia Azerbaijan Turkey,Neutral
17653,Joe Biden,#BlueWave2020,Many advise that I shouldn t have some sort of thing of not getting political etc etc I d rather not have myself and the brand that I m putting behind my creations convey that I m afraid of taking a stand resist Vote2020 BlueWave2020 BidenHarris2020,Positive
46250,Joe Biden,#VoteBidenHarrisToSaveAmerica,We are looking forward to your return Enjoy our beautiful state VoteBidenHarrisToSaveAmerica WonderfulMichigan,Positive
37814,Joe Biden,#VoteBiden,Planning on having an early night tonight here in Europe and hoping to wake up to a new dawn Americans do your thing MAKE AMERICA NORMAL AGAIN Vote VoteBiden,Positive
60254,Joe Biden,#VoteHimOut,49 4 to 49 9 come on Georgia bring it home VoteHimOut,Positive
10359,Joe Biden,#BidenHarris2020,Guys its almost election day So remember DONT VOTE FOR DIDO 2020Elections dido AmyWinehouse BidenHarris2020 KamalaHarris JoeBiden turnip2002 dontvotefordidoshewillkillyou,Neutral
24683,Joe Biden,#DumpTrump2020,And come Tuesday night the people will decree and we ll kick his ass out if he doesn t concede And we ll merrily exclaim with our heartfelt screams Good riddance you bastard but thanks for the memes Trump Election2020 DumpTrump2020,Positive
9716,Joe Biden,#BidenHarris2020,Tomorrow is the big day Make sure you get out and have your vote counted today or tomorrow getoutandvote gethimout voteblue2020 bidenharris2020 pleaseletthisend,Neutral
19930,Joe Biden,#BlueWave2020,Husband was sent absentee ballot Dunno why When he went to vote in person today they caught it He came home got the absentee ballot traded in for in person day of ballot Our system works Have faith in local election officials Vote2020 BlueWave2020,Neutral
28382,Joe Biden,#JoeBiden2020,Congratulations JOEBIDEN2020,Positive
53907,Joe Biden,#VoteBlueDownTheBallot,Right on VoteBidenHarris VoteBlueDownTheBallot,Positive
23397,Joe Biden,#DumpTrump2020,Beautiful DumpTrump2020 BidenHarris2020,Neutral
48346,Joe Biden,#VoteBidenHarrisToSaveAmerica,Didn t Hitler build a non climbable wall around his bunker BunkerBoy BunkerBaby BunkerBoyTrump Biden2020 BidenHarris2020 BidenHarris VoteBidenHarrisToSaveAmerica VoteBidenHarris2020 Vote for change unity sanity less tweeting and more leadership MAGA,Positive
35672,Joe Biden,#VoteBiden,Yessss yesss yesss VoteBiden VoteWithKindness,Positive
51269,Joe Biden,#VoteBlueDownTheBallot,we ALL are VoteBidenHarrisToSaveAmerica VoteBlueDownTheBallot,Positive
27868,Joe Biden,#JoeBiden2020,takes the lead in PA LESSGOOO Bidenforpresident bidenharis2020 JOEBIDEN2020,Positive
12099,Joe Biden,#BidenHarris2020,Dictatorship is NOT THE UNITED STATES OF AMERICA THE LAND OF THE FREE VOTE AMERICA BECAUSE EVERYTHING IS ON THE BALLOT VoteResponsibly BidenHarris2020 BidenHarris2020ToSaveAmerica Election2020 ElectionDay,Positive
54837,Joe Biden,#VoteBlueToSaveAmerica2020,Vote Trump out 2020Election VoteBlueToSaveAmerica2020 Election2020,Neutral
5602,Joe Biden,#Biden2020,I believe in Americans they re not going to make the wrong choice again Elections2020 Biden2020,Positive
33182,Joe Biden,#LyingTrump,He is already up here lying ElectionResults2020 LyingTrump BlueWave,Positive
35259,Joe Biden,#VoteBiden,Pennsylvania Georgia we hope you will be trump has done nothing for you It is time to change Elections2020 VoteBiden,Positive
17511,Joe Biden,#BlueWave2020,On the rocks with a twist Heavy drinking which for this lightweight means at least one cocktail to commence shortly but have to be awake for our ElectionNight Zoom party BlueWave2020,Neutral
5678,Joe Biden,#Biden2020,Trumpies go and change your diapers you little shit baby s Biden2020,Positive
56867,Joe Biden,#VoteBlueToSaveAmerica2020,60Minutes underscores how ridiculous trump voters are Ohio VoteBlueToSaveAmerica2020 COVID19 JOEBIDEN2020,Positive
11424,Joe Biden,#BidenHarris2020,THANK YOU ALL I VOTED BLUE LET S GO BidenHarris2020ToSaveAmerica BidenHarris2020ToSaveAmerica BidenHarris2020ToSaveAmerica BidenHarris2020ToSaveAmerica BidenHarris2020ToSaveAmerica BidenHarris2020,Positive
44317,Joe Biden,#VoteBidenHarris2020,It s not 2016 stop repeating that wishful thinking bullshit VoteBidenHarris2020 Vote VoteBlue,Positive
18050,Joe Biden,#MAGA,Find out when and where your local StopTheSteal rally is MAGA MAGA2020,Neutral
3082,Joe Biden,#4MoreYears,BAN THE MAIL IN BALLOTS MailInBallots Election2020 ElectionResults2020 Elections2020 TrumpvsBiden TrumpIsLosing TrumpMeltdown GUY2020 4MoreYears STOPTHECOUNT 2020Election VOTE elections,Negative
19683,Joe Biden,#redwave,Very glad to see that we are starting to understand that visuals matter But we also need to remember that half of this country voted for a RedWave Blood red More guns More division More Covid We Have So Much Work To Do,Negative
22143,Joe Biden,#redwave,the guy calling the shots on calling the states is a fool Can t call Florida but you can call Virginia RedWave,Neutral
17627,Joe Biden,#MAGA,Nothing can STOP what is coming Nothing StopTheSteal MAGA Trump4EVER Restart opposition,Negative
22335,Joe Biden,#redwave,He s here trump2020landslide TrumpGirl redwave victory patriotsrise americanpride GodBlessTheUSA,Negative
18816,Joe Biden,#RedTsunami,NO WE ARE NOT TRUMP2020 REDTSUNAMI,Positive
67978,Joe Biden,#VoteRed,Make sure you get out and vote it s your giving right If you stay home and don t vote sit down and shut up Trump2020 VoteRed,Negative
17245,Joe Biden,#MAGA,Contrary to popular belief a lot of Bisexuals find Trump attractive due to the fact that he s both a man and a giant pussy MAGA,Neutral
42482,Joe Biden,#Trump2020LandslideVictory,Trump2020LandslideVictory Economy Energy Law amp Order Prison Reform Foreign Policy China Policy Destroying Isis Califate Peace in the Middle East DEMOCRATS spent all their time scheming to destroy Donald Trump Fake Russia Hoak Fake Impeachment lies and smears,Negative
74092,Joe Biden,#VoteRedToSaveAmerica,PA Vote 4 because he will do what s right by u He will help make our state better VoteRedLikeYourLifeDependsOnIt VoteRedToSaveAmerica VoteTrump2020,Negative
45119,Joe Biden,#Trump2020LandslideVictory,My election prediction Let s see how it turns out Trump2020LandslideVictory Kanye2020 KanyeWest kanyeforpresident BidenHarris2020 BidenHarris BidenCrimeFamiIy BidenHarris2020ToSaveAmerica BidenHarris TrumpMeltdown TRUMP2020Landside ElectionDay Election2020,Negative
21796,Joe Biden,#redwave,It s the RedWave Piers,Negative
53008,Joe Biden,#TrumpPence2020,How long do you think it will take to drop their call for unity after President is reelected MAGA KAG DefendElectionIntegrity forlife forliberty Trump Trump2020 TrumpPence2020 LegalVotesMatter,Negative
50650,Joe Biden,#TRUMP2020ToSaveAmerica,Go Vote Use your voice God Bless America trumpday Trump2020 TRUMP2020ToSaveAmerica Election2020 trumptrain GodIsInControl,Neutral
47807,Joe Biden,#TRUMP2020ToSaveAmerica,This seems worse than 2000 because liberals seem more determined and self righteous than ever Trump Derangement Syndrome has infected almost half the population More dangerous illness than Covid TDSIsReal TRUMP2020ToSaveAmerica,Negative
3329,Joe Biden,#4MoreYears,There is 100 no way Biden is leasing georiga legitimately If counting had stopped on Election Day trump wins If you keep giving Biden more days to find votes of course he will win When does this stop BidenCrimeFamilly BidenIsCorrupt 4MoreYears,Negative
14422,Joe Biden,#MAGA,had better not give him one penny of additional money to launder We are all well aware of how 45 funnels taxpayer money into his own pockets please investigate trump for money laundering TrumpCrimeFamily MAGA,Positive
14717,Joe Biden,#MAGA,Fleece the MAGA I want them to give their last dollar THEY RE TOO STUPID TO SEE WHAT MUSOLINNI IS DOING,Positive
5148,Joe Biden,#4MoreYears,Question is there any liberals leaving conservative states due to a deteriorating quality of life AskingForAFriend Liberals Elections2020 JoeBiden Trump2020 2020Elections 4MoreYears,Neutral
32440,Joe Biden,#Trump2020,nyc Trump can still win this it s not over yet Trump2020,Negative
12772,Joe Biden,#KAG,merkat17 Thank you for the follow Happily following you too Trump2020 RedPilled KAG AmericaFirst FakeNews ForGodandCountry Deplorable Blexit,Neutral
17916,Joe Biden,#MAGA,Trump 2020 this ain t over Trump2020 TrumpTrain MAGA Trump pence,Negative
15007,Joe Biden,#MAGA,Hey MAGA guys it is time to become Orthodox stop putting faith in churches that only disintegrate or are formed out of strip malls and they have no theology they won t twist to fit their individual politics FORM your politics to the church not the church to your politics,Neutral
41219,Joe Biden,#TRUMP2020Landside,twitter s fact checker ElectionDay TRUMP2020Landside,Neutral
66028,Joe Biden,#VoteForTrump,Even if they call your state VOTE The media pulls this kind of thing to suppress the vote Don t fall for this tactic People often think oh so amp so already won I don t need to vote No VOTE Get to the polls early and VOTE VoteForTrump MAGA2020LandslideVictory,Neutral
13205,Joe Biden,#MAGA,Boy that will ruin Jeopardy ratings To Think would replace Alex an erudite Gentlemen with Geo Stephanopoulos Democrat Party Sycophant is a sin Alex will be hard to replace but George isn t the answer MAGA,Negative
16951,Joe Biden,#MAGA,warmington You obviously haven t seen the state of so called impartial journalism in North America They re brutal in the US worse in Canada MAGA,Neutral
67437,Joe Biden,#VoteRed,TrumpVirus LIED to Americans so his MoneyBuddies could protect their money amp invest in BigPharma Trump has murdered US Citizens for Money NotMyPresident FlipTheSenateBlue A VoteRed is VOTE for Red Blooded Americans Death from Covid 19,Positive
56010,Joe Biden,#TrumpPence2020,get out and vote Trump2020 TrumpPence TrumpPence2020,Negative
17507,Joe Biden,#MAGA,So you re saying there s a chance that MAGA was right California is going red,Negative
23080,Joe Biden,#redwave,I DON T CARE IF I EVER COME DOWN REDWAVE,Negative
10898,Joe Biden,#KAG,Did the Pennsylvania AG just admit he knows the fix is in Why else would a person in that position predict Trump will lose the election before any votes have even been counted LawAndOrder VoterFraud VoteRedToSaveAmerica VoterSuppression Fixed KAG,Negative
46285,Joe Biden,#Trump2020LandslideVictory,Thank you God Trump2020LandslideVictory,Neutral
13256,Joe Biden,#MAGA,Tucker We heard you It s hard to trust anything Here s what we know ccot dems gop libcrib lnyhbt maga msm ofa p2 resist tcot tlot uniteblue,Neutral
45403,Joe Biden,#Trump2020LandslideVictory,Going out to vote in person tomorrow 1st time in forever have done mail in Not this Time Making sure my vote counts Trump2020LandslideVictory,Negative
21708,Joe Biden,#redwave,Hispanics recognize fake news socialism amp false promises lol Look at venezuela cuba Election2020 redwave,Neutral
41123,Joe Biden,#TRUMP2020Landside,Trump will try to STEAL THE ELECTION using judges over the will of the American people It will confirm all of his anti democracy tactics of extortion and collusion TRUMP2020Landside Ohio Pennsylvania Florida NorthCarolina,Positive
72773,Joe Biden,#VoteRedToSaveAmerica,And just in case you needed another reason to VoteTrump2020 VoteRedToSaveAmerica VoteTrumpPenceToSaveAmerica,Negative
27022,Joe Biden,#redwave,Don t believe the polls Believe She knows what s up trump2020landslidevictory womenfortrump teamtrump redwave,Neutral
2569,Joe Biden,#4MoreYears,They need to get the CIA FBI and U S Marshalls involved in this election 4MoreYears,Negative
35054,Joe Biden,#Trump2020,if Biden is able to steal the presidency please do not give into his tyranny No mask mandate No vaccine mandate No gun infringement No World Economic Forum enslavement Trump2020 Freedom 2ndAmendment,Negative
61186,Joe Biden,#TrumpSupporters,Hey TrumpSupporters READ,Neutral
17775,Joe Biden,#MAGA,Would not happen if on his dime I think the Dotard s funding will limit his rallies cities stiffed by have likely got the message out to all America cities to go COD MAGA,Neutral
74255,Joe Biden,#VoteRedToSaveAmerica,Let s all get it there and VoteRedToSaveAmerica Vote2020 VoteEarly VoteInPerson2020,Negative
65998,Joe Biden,#VoteForTrump,This should result in jail sentences for all who did those terrible things to all the women This is behaviour executed by NAZI doctors in concentration camps VoteLikeYourLifeDependsOnIt VoteBidenHarrisToSaveAmerica Do NOT VoteForTrump because it is a vote against democracy,Positive
2467,Joe Biden,#4MoreYears,What a shame 4MoreYears,Positive
35247,Joe Biden,#Trump2020,just do a military coup and arrest Hillary Obama and Biden the worlds behind you Trump Trump2020 MAGA2020,Negative
77728,Joe Biden,#VoteTrump,LapTopFromHell Because of 47 years of corruption perhaps Hunter Biden thought nothing he did would have any consequences That s why he taped his crimes and left them to a son of a Vietnam Vet He may have been right Nothing will ever happen unless you VoteTrump,Negative
22798,Joe Biden,#redwave,2020Elections what better way is there to watch the redwave than drinking Brick Red Ale from keg creek brewing,Negative
11297,Joe Biden,#KAG,RightSideBroadcastingNetwork Patriots are thankful for your coverage As you grow so will we MAGA KAG Trump2020LandslideVictory,Negative
47681,Joe Biden,#TRUMP2020ToSaveAmerica,I m so ready for 2020 to just be over Please Lord let Trump win so we can end this demonic left and expose them for what they are I pray in the name of JESUS TRUMP2020ToSaveAmerica MAGA,Negative
14436,Joe Biden,#MAGA,It bothers me that Russia worked so hard to get Trump elected the first time and apparently didn t lift a darn finger to help this time We need an investigation MAGA,Negative
29499,Joe Biden,#RedWave2020,Michigan is TrumpCountry It s over RedWave2020,Negative
56843,Joe Biden,#TrumpPence2020,Standing in 2 hr line for your amp Trump2020 TrumpPence2020,Negative
12072,Joe Biden,#KAG,so many of us support you SOMEONE TRIED TO RIP DOWN MY AMERICAN FLAG LISTEN HERE LEFTIES YOU WILL NEVER GET ME TO STOP FLYING THE AMERICAN FLAG maga kag Trump2020LandslideVictory,Negative
46535,Joe Biden,#Trump2020LandslideVictory,Beware the lie of the Red Mirage Trump2020LandslideVictory,Positive
47836,Joe Biden,#TRUMP2020ToSaveAmerica,I m in NEPA it s Trump county Trump2020 VoteTrumpToSaveAmerica TRUMP2020ToSaveAmerica KAG2020,Negative
22793,Joe Biden,#redwave,Patriots you RedWave TrumpLandslide2020 KAG2020,Negative
72889,Joe Biden,#VoteRedToSaveAmerica,MI VoteRedDownBallot and stop the tyranny VoteRedToSaveAmerica,Negative
70850,Joe Biden,#VoteRed,JOEBIDEN2020 VoteBidenHarrisToSaveAmerica on one of his better days do we know who we are ElectionDay into white house Trump VoteRed VoteTrump2020,Neutral
51698,Joe Biden,#TRUMP2020ToSaveAmerica,TRUMP 100 TRUMP2020ToSaveAmerica,Neutral
44586,Joe Biden,#Trump2020LandslideVictory,Easier to worship Jesus with Trump2020LandslideVictory,Negative
37764,Joe Biden,#TRUMP2020Landside,My mother three of my aunties and 2 cousins all life long democratic women voted Republican for the first time in order to support TRUMP TRUMP2020Landside 2020Election,Negative
24907,Joe Biden,#redwave,Go RedWave bring our country 4MoreYears of prosperity The BidenCrimeFamiIy is a national security risk and a disaster for our economy,Negative
62368,Joe Biden,#TrumpSupporters,A trans woman approached the Trump Supporters where dialogue was civil When she walked away some of the supporters called her sir and she expressed to them while heading to her car she was a woman LGBTQ ElectionDay TrumpSupporters bidensupporters,Neutral
42630,Joe Biden,#Trump2020LandslideVictory,And where is your moral compass Trump2020LandslideVictory,Positive
33665,Joe Biden,#Trump2020,2 activist marches I see are being planned RETWEET MillionMagaMarch StopTheStealCaravan STOPTHESTEAL TRUMP2020 Wow gt Every American regardless of Party Should want to know the truth ChinaJoe is NotThePresident VoterFraud BallotHarvesting DominionVotingSystems,Negative
56842,Joe Biden,#TrumpPence2020,New from me gt gt Now that s dedication on ElectionDay TrumpPence2020 cc,Neutral
7375,Joe Biden,#FloridaForTrump,So this triggered the shit out of libtard commies Were is the State Police w tear gas and rubber bullets they say in comment after comment Poor libtards can t tell the difference between traffic and burning down a store LatinosForTrump FloridaForTrump KAG2020,Positive
27104,Joe Biden,#redwave,ter Happy to follow you and be part of the PatriotMovement Please follow me back I love helping Patriots grow Trump2020 MAGA RedWave Blexit and thank you for your service,Neutral
77983,Joe Biden,#VoteTrump,VOTE FOR TRUMP America can t be on democrats putrified corrupted old polititian hands VoteTrump,Negative
78299,Joe Biden,#Wisconsinfortrump,Like all Hollywood wackos she lives in a bubble of ignorance PennsylvaniaForTrump MichiganForTrump WisconsinForTrump NorthCarolina Pennsylvania Chamber of Commerce Rebukes LadyGaga Fracking Ushered in Job Creating Energy Renaissance,Neutral
20447,Joe Biden,#redwave,The redwave is coming They can t stop this,Negative
46860,Joe Biden,#Trump2020LandslideVictory,It will imo Trump2020LandslideVictory,Negative
34163,Joe Biden,#Trump2020,It is better to be a lion for a day than a sheep all your life MasksOff Tyranny plandemic hysteria Trump2020 Freedom PRESIDENTTRUMPISMYPRESIDENT,Negative
64403,Joe Biden,#VoteForTrump,No matter what exit polls say go vote for Trump Stay in line ElectionDay VoteForTrump Vote2020 Election2020,Negative
13742,Joe Biden,#MAGA,Why does every ref take their mask off when they need to talk to someone Isn t that the whole reason you re wearing it nfl maga,Neutral
4984,Joe Biden,#4MoreYears,This small state of NEVADA with only 6 electoral votes seems to decide the next US President and contest is very close here By far without NEVADA Donald Trump projected votes are 268 and he needs to score 270 to elect again USAElections2020 4MoreYears,Neutral
37185,Joe Biden,#TRUMP2020Landside,Just take the red off and vote for TRUMP2020Landside,Negative
1451,Joe Biden,#4MoreYears,WINNERS NEVER CHEAT AND CHEATERS NEVER WIN 4MoreYears DefendDemocracy,Negative
61553,Joe Biden,#TrumpSupporters,Especially when she calls all TrumpSupporters Racist amp Bigots,Neutral
1544,Joe Biden,#4MoreYears,Here is 46th President of the United States at the next International Summit dealing with other Presidents who congratulated Joe Biden for his Victory coupdet te CoupdEtat Election2020results 4MoreYears,Negative
77701,Joe Biden,#VoteTrump,Looks like a peaceful protest to me Minus the looting and vandalism VoteTrump,Negative
23044,Joe Biden,#redwave,A RedWave is coming on earth A BlueWave2020 is coming in the water,Negative
22617,Joe Biden,#redwave,REDWAVE SIRENS Prepare for impact Legend,Negative
37071,Joe Biden,#TRUMP2020Landside,Father God we pray let Voter fraud be uncovered immediately and let no voter fraud plans against America prosper in the Name ofJesus TRUMP2020Landside,Negative
41201,Joe Biden,#TRUMP2020Landside,Between Facebook and Twitter has 117 million followers vs 14 million for I call the Elections2020 TRUMP2020Landside,Neutral
24274,Joe Biden,#redwave,BASED ON WHAT THIS IS FAKENEWS A REDWAVE IS WHAT S HAPPENING TODAY,Negative
46757,Joe Biden,#Trump2020LandslideVictory,Why is the election determined by the progeny of failed revolutionaries in red states who fought for the preservation of chattel slavery Moreover if you are leeching off others how can you have an opinion on how money is spent Trump2020LandslideVictory COVID19,Positive
59431,Joe Biden,#TrumpSupporters,If all 70 590 524 Trump Supporters finally took a stand we could really shake things up I know it s not in our nature to fight back and by fight I do not mean with violence But we need to stop supporting those who support the left in all aspects TrumpSupporters,Negative
3478,Joe Biden,#4MoreYears,After all this nonsense with the Dems election fraud is resolved Get the In the gym and teach them to throw a punch amp take a punch get over the fear 4MoreYears,Negative
58361,Joe Biden,#TrumpSupporters,realDonaldtrump new symbol for Biden The Masked Man and his companion Tonto The Lone Ranger TrumpSupporters Trump2024 ElectionResults2020,Negative
35476,Joe Biden,#Trump2020,To the leftists who need a lesson about the election An election is not certified by the MEDIA The election is certified by each STATE This process took 37 days during the 2000 election with BUSH GORE Don t let the media fool you folks It s not over yet Trump2020,Negative
65492,Joe Biden,#VoteForTrump,I love MyPresident VoteForTrump,Negative
69287,Joe Biden,#VoteRed,We re gonna need a bigger boat Pennsylvania Lt Gov Frets Over Trump Support That s Not Photoshop TrumpTrain VoteRed PAforTrump,Negative
19627,Joe Biden,#redwave,A little something I made on the eve of the election trump2020 maga pony handmade polymerclay horse redwave,Neutral
63012,Joe Biden,#TrumpSupporters,That s your occasion TrumpSupporters Make your president proud,Negative
9223,Joe Biden,#KAG,Have you looked into getting a DISTEMPER SHOT They are widely available from your vet BlackVoicesForTrump DemocratsForTrump GaysForTrump MAGA2020 FightBack KAG LatinosForTrump KAG2020LandslideVictory Trump2020 Trump VoteTrump2020 VoteRED2020RemoveEveryDemocrat,Neutral
50070,Joe Biden,#TRUMP2020ToSaveAmerica,Amazon to hear you God bless you To fight for america for a bright future and against a dark social democrat Nation Trump2020 TRUMP2020ToSaveAmerica MAGA2020 TrumpTrain2020,Negative
41104,Joe Biden,#TRUMP2020Landside,Are you ready Deplorables TRUMP2020Landside,Negative
49116,Joe Biden,#TRUMP2020ToSaveAmerica,Dont give up flordia VOTE FOR TRUMP Biden will simply fuck up the united states all on for the trumplican campaign lets get it BabiesLivesMatter Trump2020 Trump TRUMP2020ToSaveAmerica,Negative
24447,Joe Biden,#redwave,Got my Red shirt on for the RedWave Trump2020 Election2020 americafirst redshirt redcalifornia,Negative
6668,Joe Biden,#FloridaForTrump,Florida 97 in and 400k lead FloridaForTrump Florida,Negative
46692,Joe Biden,#Trump2020LandslideVictory,you re embarrassing anyways views Trump2020LandslideVictory,Neutral
6381,Joe Biden,#ArizonaforTrump,Trump 2020 and beyond MAGA2020LandslideVictory ArizonaforTrump,Negative
74988,Joe Biden,#VoteTrump,Vote Michigan for keeping jobs in Michigan VoteTrump ElectionDay,Negative
69356,Joe Biden,#VoteRed,A poll we can all believe in Things Sleepy Joe says If I m under Chy Nas control why do they pay me so much for you know the thing C mon man VOTE VoteRed VoteRedLikeYourLifeDependsOnIt,Negative
43612,Joe Biden,#Trump2020LandslideVictory,Arizona was NEVER a swing state Trump2020LandslideVictory,Neutral
55975,Joe Biden,#TrumpPence2020,American Presidents Think about Their Own Interests First Haitians Say About U S Elections 11 in Haiti Libert TrumpPence2020 BidenHarris2020,Neutral
33695,Joe Biden,#Trump2020,Mail In Voter Fraud in CA via Thanks for the 7 EXTRA ballots California this is how Crooked the Left is 1 of my son in laws has NEVER voted or Registered but received a mail in ballot but my daughter who has always voted got Nada Trump2020,Negative
35208,Joe Biden,#Trump2020,Forensic audits of the election in key swing states shows that it s a mathematical impossibility that Joe Biden won the election QuidProJoe Trump2020,Negative
46306,Joe Biden,#Trump2020LandslideVictory,Remember if Biden is impeached Harris is President No way is anyone impeach creepy joe Trump2020LandslideVictory,Negative
16649,Joe Biden,#MAGA,A 50 year old maga racist,Positive
7339,Joe Biden,#FloridaForTrump,FloridaForTrump VOTE tomorrow,Neutral
30447,Joe Biden,#RedWave2020,This is the attorney general of Pennsylvania He certainly doesn t appear to be impartial under the law to me Election2020 RedWave2020,Neutral
43260,Joe Biden,#Trump2020LandslideVictory,MAGA would never do that Trump2020LandslideVictory,Negative
77239,Joe Biden,#VoteTrump,please address this How are you going to lead the country while you are being questions about your I mean your son s involvement in this fraud BidenCrimeFamiIy voteTrump VoteRed2020 Trump Biden Harris,Negative
71483,Joe Biden,#VoteRedToSaveAmerica,I want to see a sea of red on those voting lines today It s our turn VoteRedToSaveAmerica Trump2020 StayInLine,Negative
64839,Joe Biden,#VoteForTrump,tuesdayvibe VoteForTrump WalkAway BidenHarrisLandslide2020 Biden2020 Research Biden he is wrong for America A lifelong politician A history of easily bad decisions Your life controlled by Biden,Negative
3671,Joe Biden,#4MoreYears,USElection2020 DonaldTrump JoeBiden USA Election2020 Elections2020 4MoreYears Republican AmericaDecides2020 MAGA MAGA2020 2020Election ElectionNight elections This whole thing is Rigged,Neutral
48628,Joe Biden,#TRUMP2020ToSaveAmerica,Twitter SILENCES president Trump TRUMP2020ToSaveAmerica,Positive
12611,Joe Biden,#KAG,How If all you do is scare them with COVID COVID COVID trump2020 KAG,Neutral
59450,Joe Biden,#TrumpSupporters,Yes he was wide awake for a great speech will be good for canadiansforbiden TrumpSupporters need to get overtime it Help the country heel,Neutral
59035,Joe Biden,#TrumpSupporters,Happy Sunday Christian TrumpSupporters,Negative
58442,Joe Biden,#TrumpSupporters,I want you Trump supporters to understand that the reason he didn t have a plan for his second term is because he knew there would never be a second term Keep America Great is not a platform especially since all he did was destroy it TrumpSupporters,Positive
54270,Joe Biden,#TrumpPence2020,Yes CountEveryLegalVote TrumpPence2020 Mr Vice President we appreciate amp thank you God bless you,Negative
41611,Joe Biden,#TRUMP2020Landside,Okay peeps let s go out and keep our country today MAGA 4MoreYears KAGA2020 TRUMP2020Landside,Negative
18068,Joe Biden,#MAGA,Ben Carson is the latest Trump official to test positive for coronavirus MAGA KAG,Neutral
61989,Joe Biden,#TrumpSupporters,As Forrest Gump put it Stupid is as stupid does TrumpSupporters Democracy2020,Negative
12343,Joe Biden,#KAG,TrumpWins Cookie Poll TrumpWinsWeWin TrumpforAmerica AmericaforTrump 4MoreYears to KAG,Negative
46044,Joe Biden,#Trump2020LandslideVictory,Young Blacks let s get that Trump money SAY NO TO COMMUNISM AND NO TO SOCIALISM Blexit Trump2020 Trump2020LandslideVictory,Negative
75667,Joe Biden,#VoteTrump,I voted to do my part to save this country VoteTrump,Negative
11689,Joe Biden,#KAG,It s time for you to go back to your basement Trump has done more for America in 47 months than you have done in 47 YEARS RetireAlready Trump2020 KAG,Negative
47465,Joe Biden,#Trump2020LandslideVictory,Biden been in it for 47 years amp hasn t done shieet Trump2020LandslideVictory Trump,Negative
41184,Joe Biden,#TRUMP2020Landside,Pennsylvania GO VOTE TRUMP2020Landside Vote RED down ballot for FREEDOM BidenHarris2020 is a vote for marxism lockdowns riots defunded police and China Vote TRUMP and let s get this economy ROLLING BattlegroundState Pennsylvania,Negative
23467,Joe Biden,#redwave,redwave Stay in line,Negative
75859,Joe Biden,#VoteTrump,I voted BidenHarris2020 because only turncoat traitors VoteTrump VoteTrumpOut,Positive
75229,Joe Biden,#VoteTrump,Thank you Mr President for all you have done and what you will continue to do when you win 4 more years vote VoteTrump trumplandslide2020 MAGA MAGA2020LANDSLIDE,Negative
10591,Joe Biden,#KAG,Good luck today America Election2020 maga kag,Neutral
33475,Joe Biden,#Trump2020,Dont give up or acquiesce We stand w you so long as you back amp your gop supporters Trump2020,Negative
11580,Joe Biden,#KAG,Dear MAGA KAG Just a friendly reminder that Donald Trump has been making fools of you for four years and that you don t have to allow yourselves to be conned for four more Have a nice day,Positive
40497,Joe Biden,#TRUMP2020Landside,Time for Trump Voters to Spring into Action TRUMP2020Landside Make it happen VoteRedToSaveAmerica Is not just a slogan it s a calling,Negative
9926,Joe Biden,#KAG,Wake up USA Big biz and high tech interests love JoeBiden because with him they can continue to do business with CCP China unabated They sacrifice HongKong Uyghurs next us Vote for like your life depends on it Trump MAGA KAG Election2020,Negative
19963,Joe Biden,#redwave,violin He s clearly stating that he is not sleeping and we re supposed to trust HIM to give us accurate results LOL What a JOKE RecountEveryState2020 Election2020 RedWave,Neutral
31641,Joe Biden,#RedWaveTsunami,Trump2020 TrumpLandside2020 RedWaveRising RedWaveTsunami Change your Twitter profile picture VoteRed,Negative
27823,Joe Biden,#RedWave2020,congratulations Senate majority leader Mitch McConnell MitchMcConnell RedWave2020,Negative
21671,Joe Biden,#redwave,It s happening redwave Trump2020,Negative
61306,Joe Biden,#TrumpSupporters,Attention TrumpSupporters chanting stop counting amp count every vote do take ur meds AND STFU,Positive
75364,Joe Biden,#VoteTrump,The only way will win is if they cheat VOTE VOTE TRUTH GODBLESSUSA PHIL413 TRUMP2020 MAGA VOTETRUMP,Negative
